NO2,C2H5OH,VOC,CO,Alcohol,LPG,Benzene,Temperature,Pressure,Humidity,Gas_Resistance,Altitude,MQ5,MP503,type
416.0,713.0,703.0,892.0,21.51,42.78,0.0,25.38,1026.16,26.64,285.42,-75.71,17.01,0.62,air
413.0,713.0,700.0,884.0,22.37,42.42,0.0,25.38,1026.16,26.62,285.67,-75.71,15.73,0.624,air
412.0,711.0,700.0,876.0,22.72,42.18,0.0,25.39,1026.16,26.62,287.4,-75.71,16.51,0.6,air
408.0,709.0,698.0,867.0,20.62,42.3,0.0,25.39,1026.16,26.6,287.9,-75.79,16.61,0.608,air
407.0,708.0,697.0,862.0,24.29,42.54,0.0,25.39,1026.17,26.58,285.67,-75.87,15.49,0.582,air
405.0,706.0,696.0,859.0,21.74,41.34,0.0,25.39,1026.18,26.57,287.65,-75.87,16.02,0.595,air
404.0,706.0,696.0,857.0,22.25,42.06,0.0,25.39,1026.18,26.54,288.15,-75.79,15.68,0.624,air
404.0,705.0,695.0,856.0,22.08,41.34,0.0,25.38,1026.17,26.52,286.16,-75.79,16.71,0.613,air
404.0,706.0,694.0,856.0,21.85,40.63,0.0,25.38,1026.17,26.5,288.15,-75.79,15.49,0.613,air
403.0,705.0,694.0,855.0,21.85,42.54,0.0,25.39,1026.18,26.49,287.65,-75.87,15.63,0.603,air
403.0,704.0,693.0,855.0,19.35,39.59,0.0,25.39,1026.17,26.48,285.91,-75.79,15.39,0.62,air
402.0,704.0,693.0,855.0,21.12,41.46,0.0,25.39,1026.16,26.47,287.4,-75.71,15.25,0.624,air
402.0,703.0,693.0,855.0,19.4,41.22,0.0,25.39,1026.16,26.47,287.15,-75.79,16.31,0.567,air
402.0,703.0,693.0,854.0,20.09,40.87,0.0,25.39,1026.16,26.46,286.16,-75.71,16.36,0.592,air
402.0,704.0,692.0,854.0,19.98,41.34,0.0,25.39,1026.17,26.45,286.41,-75.79,15.44,0.58,air
402.0,703.0,692.0,854.0,19.35,40.52,0.0,25.39,1026.18,26.45,285.91,-75.87,15.82,0.606,air
402.0,703.0,692.0,854.0,18.28,40.87,0.0,25.39,1026.17,26.45,285.91,-75.79,16.71,0.606,air
402.0,703.0,692.0,854.0,20.19,40.99,0.0,25.39,1026.19,26.44,286.16,-75.95,16.17,0.609,air
402.0,703.0,692.0,854.0,19.4,38.56,0.0,25.39,1026.19,26.43,287.4,-75.87,16.07,0.585,air
402.0,702.0,691.0,854.0,19.5,42.54,0.0,25.39,1026.19,26.42,286.41,-75.95,15.63,0.595,air
402.0,703.0,691.0,854.0,17.79,41.34,0.0,25.39,1026.19,26.42,287.65,-76.04,16.12,0.604,air
402.0,702.0,690.0,855.0,19.45,40.87,0.0,25.39,1026.19,26.41,287.65,-76.04,16.02,0.571,air
401.0,702.0,690.0,854.0,19.4,40.63,0.0,25.39,1026.2,26.39,285.91,-76.04,16.41,0.579,air
402.0,702.0,691.0,855.0,17.84,42.54,0.0,25.39,1026.2,26.38,287.15,-76.12,15.92,0.651,air
402.0,701.0,691.0,855.0,18.53,41.1,0.0,25.39,1026.2,26.36,287.65,-76.04,15.25,0.607,air
401.0,701.0,690.0,854.0,18.23,40.99,0.0,25.39,1026.19,26.36,288.4,-75.95,15.63,0.617,air
401.0,701.0,690.0,854.0,18.08,41.94,0.0,25.38,1026.2,26.35,287.65,-76.04,16.02,0.579,air
401.0,701.0,690.0,854.0,17.64,40.63,0.0,25.38,1026.2,26.34,287.9,-76.04,16.51,0.606,air
402.0,701.0,690.0,854.0,18.38,41.94,0.0,25.38,1026.19,26.34,286.9,-76.12,16.56,0.592,air
402.0,701.0,689.0,854.0,16.98,40.52,0.0,25.38,1026.21,26.34,287.15,-76.12,16.81,0.602,air
402.0,701.0,689.0,855.0,18.53,39.82,0.0,25.38,1026.22,26.33,288.15,-76.2,16.36,0.568,air
401.0,701.0,689.0,855.0,19.4,41.82,0.0,25.38,1026.22,26.32,288.4,-76.2,15.44,0.606,air
402.0,701.0,689.0,854.0,18.53,40.52,0.0,25.38,1026.22,26.31,288.9,-76.2,16.12,0.617,air
403.0,700.0,689.0,854.0,17.55,40.05,0.0,25.38,1026.22,26.32,288.15,-76.2,15.44,0.559,air
402.0,700.0,689.0,854.0,16.79,40.52,0.0,25.38,1026.22,26.31,287.65,-76.2,16.12,0.597,air
402.0,700.0,688.0,855.0,19.4,40.28,0.0,25.38,1026.22,26.3,288.65,-76.2,17.42,0.624,air
402.0,700.0,688.0,854.0,18.94,40.17,0.0,25.38,1026.22,26.29,288.65,-76.2,16.21,0.597,air
402.0,699.0,688.0,854.0,16.28,40.17,0.0,25.38,1026.22,26.29,288.9,-76.2,16.61,0.607,air
402.0,699.0,689.0,854.0,19.09,43.02,0.0,25.38,1026.23,26.28,287.65,-76.2,15.25,0.652,air
402.0,700.0,688.0,854.0,16.28,41.82,0.0,25.39,1026.22,26.29,288.4,-76.2,16.36,0.606,air
401.0,699.0,688.0,854.0,17.26,40.99,0.0,25.39,1026.22,26.28,288.65,-76.28,15.3,0.614,air
402.0,699.0,687.0,854.0,16.28,40.4,0.0,25.39,1026.23,26.27,289.15,-76.28,16.36,0.595,air
402.0,699.0,687.0,854.0,16.79,39.13,0.0,25.39,1026.23,26.28,289.15,-76.28,16.17,0.624,air
402.0,699.0,688.0,853.0,18.43,41.7,0.0,25.4,1026.23,26.27,287.9,-76.28,15.39,0.59,air
401.0,698.0,687.0,853.0,17.84,40.4,0.0,25.4,1026.23,26.27,289.15,-76.28,17.07,0.608,air
401.0,699.0,687.0,853.0,19.09,40.28,0.0,25.4,1026.23,26.26,287.9,-76.28,15.82,0.606,air
401.0,698.0,687.0,853.0,17.79,40.99,0.0,25.39,1026.23,26.26,289.15,-76.28,16.12,0.606,air
401.0,699.0,687.0,853.0,17.35,41.1,0.0,25.39,1026.23,26.26,288.9,-76.28,15.58,0.585,air
400.0,698.0,686.0,853.0,17.74,41.94,0.0,25.38,1026.24,26.26,289.66,-76.28,14.65,0.56,air
401.0,697.0,686.0,853.0,16.01,42.42,0.0,25.38,1026.23,26.25,289.15,-76.28,15.63,0.565,air
401.0,697.0,686.0,853.0,17.79,41.94,0.0,25.38,1026.23,26.25,289.91,-76.28,16.51,0.567,air
400.0,698.0,686.0,853.0,16.37,40.99,0.0,25.38,1026.24,26.26,290.67,-76.28,16.36,0.609,air
401.0,697.0,686.0,853.0,16.28,40.52,0.0,25.38,1026.24,26.25,288.4,-76.28,16.46,0.569,air
401.0,697.0,685.0,852.0,17.55,42.54,0.0,25.38,1026.23,26.25,290.16,-76.2,15.68,0.624,air
400.0,697.0,686.0,853.0,16.88,42.54,0.0,25.38,1026.23,26.24,289.66,-76.2,16.71,0.606,air
401.0,698.0,685.0,853.0,18.33,41.34,0.0,25.37,1026.23,26.24,289.66,-76.37,15.73,0.609,air
400.0,697.0,685.0,853.0,18.28,41.46,0.0,25.37,1026.23,26.24,289.91,-76.28,16.61,0.607,air
400.0,696.0,685.0,853.0,15.7,41.34,0.0,25.36,1026.22,26.24,289.91,-76.28,16.07,0.612,air
400.0,697.0,685.0,853.0,17.12,43.02,0.0,25.35,1026.23,26.23,290.42,-76.28,16.31,0.592,air
399.0,697.0,685.0,852.0,18.43,41.94,0.0,25.35,1026.23,26.23,290.93,-76.28,16.36,0.584,air
400.0,697.0,684.0,853.0,16.74,40.17,0.0,25.35,1026.23,26.21,290.67,-76.28,16.36,0.551,air
400.0,696.0,685.0,852.0,16.42,42.78,0.0,25.35,1026.24,26.23,290.42,-76.45,15.87,0.641,air
399.0,696.0,684.0,853.0,17.89,41.46,0.0,25.35,1026.24,26.21,290.42,-76.37,15.82,0.623,air
400.0,696.0,684.0,852.0,18.48,42.78,0.0,25.35,1026.24,26.21,291.18,-76.37,15.78,0.595,air
399.0,696.0,684.0,852.0,16.24,43.27,0.0,25.34,1026.24,26.2,289.4,-76.45,15.39,0.553,air
399.0,695.0,684.0,853.0,17.59,44.5,0.0,25.34,1026.25,26.21,291.44,-76.45,16.12,0.567,air
399.0,696.0,684.0,852.0,16.98,42.9,0.0,25.34,1026.26,26.21,290.42,-76.45,16.91,0.586,air
399.0,696.0,684.0,852.0,17.79,43.63,0.0,25.34,1026.24,26.2,289.66,-76.37,16.21,0.597,air
400.0,695.0,683.0,853.0,20.35,43.27,0.0,25.34,1026.24,26.2,291.95,-76.37,16.56,0.567,air
400.0,695.0,683.0,853.0,17.31,43.02,0.0,25.34,1026.24,26.21,289.91,-76.37,16.07,0.646,air
400.0,695.0,683.0,852.0,16.33,43.88,0.0,25.34,1026.24,26.2,290.67,-76.45,15.78,0.567,air
400.0,695.0,683.0,853.0,16.24,42.3,0.0,25.34,1026.25,26.22,291.18,-76.45,16.56,0.614,air
399.0,695.0,683.0,853.0,16.1,42.06,0.0,25.34,1026.25,26.22,290.42,-76.53,16.31,0.645,air
400.0,695.0,683.0,853.0,17.79,43.51,0.0,25.34,1026.25,26.21,290.93,-76.53,17.17,0.589,air
399.0,695.0,682.0,853.0,18.28,43.27,0.0,25.34,1026.25,26.23,290.67,-76.45,16.02,0.609,air
399.0,695.0,683.0,853.0,16.93,40.75,0.0,25.34,1026.25,26.23,289.91,-76.37,16.02,0.57,air
399.0,695.0,682.0,853.0,18.38,44.12,0.0,25.35,1026.25,26.23,289.91,-76.45,17.01,0.639,air
399.0,695.0,683.0,853.0,17.64,40.99,0.0,25.35,1026.24,26.24,290.16,-76.37,16.31,0.563,air
399.0,694.0,682.0,853.0,17.55,42.66,0.0,25.35,1026.24,26.23,290.16,-76.37,16.12,0.58,air
399.0,694.0,682.0,852.0,16.79,42.3,0.0,25.35,1026.24,26.24,289.4,-76.45,16.71,0.578,air
398.0,694.0,682.0,853.0,17.31,42.9,0.0,25.35,1026.24,26.24,290.42,-76.37,16.66,0.606,air
398.0,694.0,681.0,853.0,16.01,43.39,0.0,25.35,1026.25,26.25,288.65,-76.45,16.46,0.58,air
399.0,694.0,682.0,853.0,20.52,43.14,0.0,25.35,1026.24,26.25,289.66,-76.45,18.11,0.62,air
399.0,693.0,682.0,854.0,18.08,43.76,0.0,25.35,1026.24,26.25,290.67,-76.37,17.32,0.564,air
399.0,694.0,682.0,853.0,17.5,42.42,0.0,25.35,1026.24,26.25,290.16,-76.37,16.91,0.624,air
399.0,693.0,681.0,853.0,16.19,42.66,0.0,25.35,1026.24,26.24,289.66,-76.45,16.71,0.624,air
399.0,693.0,681.0,853.0,17.35,43.39,0.0,25.35,1026.25,26.24,289.4,-76.37,18.11,0.574,air
399.0,693.0,681.0,853.0,19.35,43.02,0.0,25.35,1026.24,26.25,289.4,-76.45,15.82,0.592,air
399.0,693.0,681.0,853.0,16.33,42.18,0.0,25.35,1026.24,26.24,289.66,-76.45,17.07,0.624,air
399.0,693.0,681.0,853.0,17.94,42.42,0.0,25.35,1026.24,26.25,289.66,-76.37,16.26,0.575,air
398.0,693.0,681.0,854.0,16.28,43.27,0.0,25.35,1026.24,26.24,289.91,-76.37,16.21,0.606,air
399.0,693.0,681.0,854.0,20.57,44.12,0.0,25.35,1026.24,26.25,290.67,-76.45,16.71,0.641,air
398.0,693.0,681.0,853.0,17.79,42.3,0.0,25.35,1026.25,26.23,290.16,-76.37,16.91,0.568,air
399.0,693.0,681.0,853.0,16.6,40.87,0.0,25.35,1026.24,26.24,290.93,-76.37,15.97,0.624,air
399.0,692.0,681.0,854.0,17.74,43.63,0.0,25.34,1026.23,26.23,289.91,-76.37,16.51,0.652,air
398.0,692.0,681.0,853.0,15.35,42.3,0.0,25.35,1026.23,26.24,289.91,-76.28,16.81,0.624,air
398.0,693.0,680.0,854.0,16.69,44.12,0.0,25.34,1026.24,26.24,291.44,-76.37,16.86,0.574,air
398.0,693.0,680.0,854.0,15.26,42.18,0.0,25.34,1026.22,26.24,290.42,-76.28,16.12,0.624,air
397.0,692.0,681.0,853.0,15.3,43.76,0.0,25.34,1026.22,26.25,289.4,-76.28,15.82,0.623,air
397.0,692.0,681.0,853.0,18.53,42.54,0.0,25.34,1026.23,26.24,289.4,-76.28,17.12,0.606,air
397.0,692.0,680.0,853.0,16.42,44.12,0.0,25.35,1026.23,26.24,291.95,-76.28,16.21,0.624,air
398.0,692.0,680.0,854.0,19.3,43.63,0.0,25.34,1026.22,26.25,290.16,-76.2,16.21,0.578,air
398.0,692.0,680.0,853.0,17.94,44.0,0.0,25.34,1026.23,26.25,290.67,-76.37,16.46,0.56,air
397.0,691.0,680.0,854.0,17.07,41.82,0.0,25.34,1026.23,26.25,290.42,-76.28,16.21,0.606,air
398.0,692.0,680.0,853.0,16.88,42.06,0.0,25.34,1026.23,26.24,290.93,-76.28,16.81,0.624,air
397.0,692.0,679.0,853.0,19.4,41.46,0.0,25.34,1026.23,26.24,291.18,-76.28,15.92,0.592,air
397.0,691.0,680.0,853.0,16.98,43.27,0.0,25.34,1026.23,26.26,290.16,-76.28,16.86,0.593,air
397.0,692.0,680.0,853.0,18.13,41.82,0.0,25.34,1026.22,26.25,291.69,-76.37,16.86,0.614,air
397.0,691.0,680.0,854.0,19.56,44.75,0.0,25.34,1026.23,26.25,290.93,-76.28,16.66,0.592,air
397.0,691.0,679.0,853.0,17.64,43.88,0.0,25.34,1026.23,26.25,292.21,-76.28,16.36,0.598,air
397.0,691.0,679.0,853.0,16.6,43.76,0.0,25.34,1026.23,26.24,291.18,-76.28,16.56,0.624,air
396.0,691.0,679.0,853.0,17.12,43.27,0.0,25.34,1026.22,26.24,290.16,-76.28,17.12,0.609,air
396.0,691.0,679.0,853.0,17.35,44.0,0.0,25.34,1026.23,26.26,290.42,-76.28,16.31,0.604,air
396.0,691.0,679.0,853.0,17.79,43.88,0.0,25.34,1026.23,26.25,291.18,-76.28,18.0,0.623,air
396.0,690.0,679.0,853.0,16.6,44.12,0.0,25.33,1026.23,26.25,291.69,-76.37,17.07,0.606,air
397.0,691.0,679.0,853.0,19.71,45.0,0.0,25.33,1026.23,26.25,290.42,-76.2,16.46,0.615,air
396.0,690.0,678.0,854.0,17.74,43.63,0.0,25.33,1026.21,26.25,293.5,-76.28,17.27,0.603,air
396.0,690.0,678.0,853.0,17.26,44.25,0.0,25.33,1026.22,26.25,290.67,-76.2,17.27,0.609,air
396.0,690.0,679.0,853.0,17.79,43.27,0.0,25.33,1026.22,26.25,289.4,-76.2,18.0,0.6,air
396.0,690.0,678.0,853.0,17.35,45.5,0.0,25.33,1026.23,26.25,290.16,-76.28,18.53,0.614,air
395.0,690.0,678.0,853.0,18.53,43.27,0.0,25.33,1026.23,26.25,292.21,-76.37,17.07,0.651,air
396.0,690.0,678.0,853.0,15.3,43.63,0.0,25.33,1026.23,26.23,291.18,-76.28,17.74,0.573,air
395.0,690.0,678.0,853.0,17.5,46.77,0.0,25.33,1026.22,26.24,290.67,-76.2,17.37,0.57,air
396.0,690.0,677.0,853.0,16.98,45.62,0.0,25.33,1026.22,26.25,290.67,-76.2,17.17,0.584,air
396.0,690.0,678.0,853.0,19.4,44.75,0.0,25.33,1026.21,26.25,291.44,-76.2,17.79,0.639,air
395.0,689.0,677.0,852.0,15.79,44.5,0.0,25.33,1026.22,26.25,292.46,-76.2,17.79,0.57,air
395.0,690.0,677.0,853.0,17.79,44.62,0.0,25.33,1026.22,26.26,291.18,-76.2,16.96,0.586,air
395.0,690.0,677.0,853.0,15.79,44.5,0.0,25.34,1026.21,26.26,291.44,-76.12,17.53,0.637,air
395.0,689.0,677.0,853.0,18.28,44.12,0.0,25.34,1026.21,26.25,289.91,-76.2,17.17,0.609,air
395.0,689.0,677.0,853.0,15.83,44.37,0.0,25.34,1026.21,26.26,291.44,-76.12,17.63,0.614,air
395.0,689.0,677.0,853.0,17.69,44.0,0.0,25.34,1026.21,26.26,291.18,-76.12,16.91,0.602,air
396.0,689.0,677.0,852.0,20.25,44.25,0.0,25.34,1026.21,26.25,291.44,-76.04,17.58,0.624,air
395.0,688.0,677.0,853.0,15.7,47.42,0.0,25.34,1026.2,26.25,290.93,-76.12,17.17,0.582,air
395.0,689.0,676.0,853.0,17.94,44.0,0.0,25.34,1026.2,26.25,292.21,-76.04,17.63,0.601,air
395.0,688.0,676.0,853.0,18.03,46.64,0.0,25.34,1026.2,26.25,290.93,-76.04,17.63,0.606,air
395.0,689.0,676.0,853.0,19.5,44.25,0.0,25.34,1026.21,26.24,292.21,-76.12,17.32,0.597,air
395.0,688.0,676.0,853.0,16.42,47.03,0.0,25.33,1026.21,26.25,293.5,-76.2,18.11,0.606,air
395.0,688.0,676.0,853.0,17.79,44.5,0.0,25.33,1026.22,26.24,290.67,-76.2,17.37,0.624,air
395.0,688.0,676.0,853.0,18.13,46.9,0.0,25.33,1026.22,26.25,292.98,-76.2,19.08,0.624,air
396.0,688.0,676.0,853.0,17.55,47.81,0.0,25.33,1026.21,26.25,292.46,-76.12,18.27,0.667,air
395.0,688.0,675.0,852.0,15.79,47.55,0.0,25.32,1026.21,26.25,291.18,-76.12,17.84,0.606,air
395.0,688.0,676.0,852.0,17.84,44.5,0.0,25.33,1026.21,26.23,292.21,-76.2,17.53,0.624,air
395.0,687.0,676.0,853.0,16.14,45.75,0.0,25.32,1026.21,26.23,292.21,-76.2,17.89,0.598,air
395.0,688.0,675.0,853.0,19.14,47.68,0.0,25.32,1026.22,26.25,292.72,-76.28,18.16,0.542,air
395.0,687.0,675.0,853.0,17.35,47.03,0.0,25.32,1026.22,26.23,291.44,-76.28,17.63,0.647,air
395.0,688.0,676.0,853.0,17.64,46.51,0.0,25.32,1026.22,26.24,293.24,-76.28,17.68,0.619,air
395.0,687.0,675.0,853.0,19.45,47.03,0.0,25.32,1026.23,26.23,291.69,-76.28,18.37,0.58,air
395.0,687.0,675.0,852.0,17.16,46.26,0.0,25.32,1026.22,26.23,292.21,-76.12,18.21,0.604,air
395.0,686.0,675.0,853.0,19.09,45.62,0.0,25.32,1026.22,26.24,291.69,-76.2,16.81,0.601,air
395.0,687.0,675.0,853.0,20.95,46.26,0.0,25.32,1026.21,26.25,291.95,-76.2,18.11,0.595,air
396.0,688.0,675.0,853.0,17.84,46.0,0.0,25.32,1026.22,26.26,292.72,-76.2,18.0,0.624,air
396.0,687.0,675.0,853.0,17.79,46.64,0.0,25.31,1026.22,26.26,292.46,-76.28,18.97,0.606,air
621.0,778.0,752.0,902.0,308.24,46.9,0.0,25.39,1026.26,26.3,290.67,-76.53,19.13,0.684,cumin
608.0,780.0,756.0,900.0,324.59,48.07,0.0,25.39,1026.26,26.3,288.9,-76.53,19.52,0.686,cumin
638.0,790.0,765.0,906.0,260.44,47.55,0.0,25.39,1026.26,26.31,288.65,-76.53,18.86,0.681,cumin
641.0,792.0,769.0,902.0,263.12,47.16,0.0,25.39,1026.26,26.3,289.91,-76.53,18.37,0.685,cumin
668.0,794.0,780.0,907.0,289.76,47.68,0.0,25.39,1026.26,26.31,288.15,-76.53,18.59,0.678,cumin
697.0,816.0,790.0,917.0,314.67,49.52,0.0,25.39,1026.26,26.32,285.67,-76.61,18.37,0.681,cumin
695.0,836.0,793.0,917.0,367.75,47.94,0.0,25.39,1026.26,26.35,283.47,-76.61,19.02,0.667,cumin
656.0,834.0,793.0,911.0,412.78,46.9,0.0,25.39,1026.27,26.37,284.44,-76.61,18.97,0.741,cumin
608.0,826.0,788.0,901.0,448.35,49.12,0.0,25.39,1026.26,26.4,285.42,-76.61,18.37,0.762,cumin
565.0,818.0,783.0,892.0,373.95,46.13,0.0,25.39,1026.26,26.41,286.16,-76.53,17.79,0.733,cumin
535.0,810.0,778.0,886.0,363.92,47.29,0.0,25.38,1026.25,26.42,286.16,-76.45,17.22,0.736,cumin
512.0,804.0,773.0,881.0,341.16,46.26,0.0,25.38,1026.25,26.43,286.9,-76.45,17.58,0.72,cumin
495.0,798.0,768.0,878.0,264.74,46.26,0.0,25.38,1026.26,26.43,285.42,-76.53,17.84,0.761,cumin
522.0,797.0,768.0,882.0,261.5,44.62,0.0,25.38,1026.25,26.42,287.9,-76.53,17.68,0.751,cumin
508.0,792.0,766.0,880.0,242.45,45.62,0.0,25.38,1026.25,26.42,287.9,-76.53,18.91,0.773,cumin
571.0,803.0,769.0,902.0,208.52,46.13,0.0,25.38,1026.25,26.41,288.4,-76.45,17.01,0.79,cumin
566.0,804.0,770.0,898.0,179.04,45.62,0.0,25.37,1026.24,26.41,287.65,-76.37,18.16,0.73,cumin
556.0,802.0,770.0,893.0,180.87,46.77,0.0,25.37,1026.24,26.41,286.9,-76.37,17.89,0.763,cumin
542.0,801.0,768.0,890.0,199.81,48.72,0.0,25.37,1026.24,26.4,283.23,-76.37,17.12,0.762,cumin
540.0,800.0,769.0,893.0,188.75,46.77,0.0,25.37,1026.24,26.41,282.99,-76.37,17.68,0.706,cumin
520.0,796.0,768.0,890.0,202.67,46.9,0.0,25.37,1026.25,26.4,279.88,-76.45,17.79,0.724,cumin
512.0,793.0,766.0,885.0,196.98,45.25,0.0,25.37,1026.25,26.4,278.94,-76.45,18.75,0.731,cumin
494.0,788.0,763.0,881.0,192.63,44.25,0.0,25.37,1026.25,26.4,278.71,-76.45,17.07,0.723,cumin
585.0,793.0,767.0,892.0,181.6,45.88,0.0,25.37,1026.25,26.38,277.31,-76.45,15.87,0.745,cumin
583.0,796.0,770.0,893.0,141.97,47.29,0.0,25.37,1026.25,26.37,277.08,-76.37,18.16,0.724,cumin
561.0,796.0,768.0,888.0,141.68,46.39,0.0,25.37,1026.24,26.38,276.39,-76.28,17.17,0.744,cumin
531.0,793.0,766.0,884.0,128.98,47.16,0.0,25.37,1026.24,26.39,276.39,-76.37,17.74,0.707,cumin
501.0,789.0,762.0,882.0,108.76,45.0,0.0,25.37,1026.24,26.39,276.85,-76.37,18.05,0.685,cumin
480.0,784.0,758.0,878.0,104.79,46.26,0.0,25.37,1026.24,26.4,277.08,-76.37,17.58,0.731,cumin
519.0,784.0,758.0,880.0,116.17,45.75,0.0,25.37,1026.24,26.41,276.85,-76.45,17.84,0.711,cumin
522.0,783.0,757.0,880.0,111.25,44.87,0.0,25.37,1026.25,26.42,276.85,-76.45,17.07,0.709,cumin
565.0,786.0,756.0,884.0,127.66,44.5,0.0,25.37,1026.26,26.42,278.01,-76.53,17.74,0.702,cumin
560.0,789.0,756.0,885.0,145.49,45.25,0.0,25.36,1026.25,26.44,279.65,-76.45,17.74,0.755,cumin
531.0,788.0,754.0,885.0,134.91,44.12,0.0,25.36,1026.24,26.43,279.88,-76.45,17.27,0.763,cumin
524.0,786.0,753.0,885.0,144.01,46.26,0.0,25.36,1026.24,26.43,282.99,-76.37,18.64,0.766,cumin
503.0,782.0,752.0,882.0,139.11,44.87,0.0,25.36,1026.23,26.44,280.12,-76.37,18.27,0.731,cumin
512.0,781.0,751.0,883.0,125.59,46.51,0.0,25.36,1026.24,26.45,282.51,-76.37,18.0,0.774,cumin
531.0,781.0,753.0,889.0,116.41,47.94,0.0,25.36,1026.23,26.45,282.26,-76.37,18.59,0.767,cumin
546.0,780.0,755.0,889.0,110.57,46.39,0.0,25.36,1026.24,26.44,283.23,-76.45,18.59,0.746,cumin
605.0,784.0,764.0,900.0,117.85,45.12,0.0,25.36,1026.23,26.45,283.47,-76.37,17.01,0.77,cumin
595.0,791.0,768.0,903.0,111.02,46.51,0.0,25.35,1026.24,26.44,283.95,-76.37,17.79,0.748,cumin
554.0,790.0,767.0,896.0,111.71,46.64,0.0,25.35,1026.24,26.44,282.99,-76.45,18.32,0.708,cumin
543.0,789.0,768.0,897.0,111.94,47.68,0.0,25.35,1026.25,26.44,284.44,-76.53,18.8,0.741,cumin
546.0,790.0,767.0,897.0,110.8,46.77,0.0,25.35,1026.25,26.44,283.71,-76.45,17.58,0.729,cumin
599.0,795.0,772.0,903.0,114.98,46.26,0.0,25.35,1026.25,26.44,284.93,-76.45,18.37,0.707,cumin
606.0,799.0,775.0,904.0,132.45,45.62,0.0,25.34,1026.25,26.43,286.16,-76.37,17.95,0.748,cumin
627.0,802.0,781.0,907.0,119.56,46.26,0.0,25.34,1026.24,26.43,285.91,-76.45,18.43,0.741,cumin
594.0,801.0,781.0,900.0,152.16,46.0,0.0,25.34,1026.25,26.43,286.65,-76.45,16.96,0.773,cumin
585.0,799.0,780.0,895.0,150.62,46.26,0.0,25.34,1026.25,26.43,286.9,-76.45,18.11,0.712,cumin
549.0,795.0,777.0,889.0,160.43,44.0,0.0,25.34,1026.25,26.41,285.18,-76.45,16.81,0.741,cumin
527.0,792.0,774.0,886.0,150.62,45.25,0.0,25.33,1026.25,26.4,285.67,-76.45,18.27,0.8,cumin
547.0,790.0,774.0,887.0,155.29,45.88,0.0,25.33,1026.25,26.4,285.42,-76.45,17.68,0.728,cumin
623.0,804.0,782.0,914.0,137.13,44.62,0.0,25.33,1026.25,26.4,284.69,-76.53,18.11,0.783,cumin
649.0,819.0,790.0,921.0,147.58,46.26,0.0,25.32,1026.25,26.4,283.95,-76.37,17.12,0.801,cumin
611.0,819.0,788.0,913.0,135.46,44.0,0.0,25.32,1026.23,26.4,283.71,-76.37,18.05,0.829,cumin
609.0,816.0,786.0,909.0,139.68,47.55,0.0,25.32,1026.24,26.39,283.95,-76.37,17.17,0.783,cumin
680.0,822.0,791.0,920.0,120.79,45.12,0.0,25.32,1026.23,26.4,280.83,-76.28,17.68,0.888,cumin
657.0,825.0,794.0,921.0,137.13,44.5,0.0,25.32,1026.22,26.39,282.99,-76.2,18.05,0.857,cumin
618.0,822.0,792.0,916.0,126.62,45.75,0.0,25.32,1026.23,26.39,282.02,-76.28,16.96,0.879,cumin
577.0,817.0,789.0,909.0,114.51,44.75,0.0,25.31,1026.22,26.39,282.75,-76.28,17.84,0.895,cumin
542.0,810.0,783.0,907.0,120.05,44.37,0.0,25.31,1026.23,26.38,282.51,-76.2,17.68,0.872,cumin
518.0,806.0,779.0,906.0,101.37,46.64,0.0,25.31,1026.22,26.39,282.99,-76.2,17.32,0.872,cumin
543.0,804.0,777.0,902.0,91.93,43.51,0.0,25.31,1026.21,26.39,281.79,-76.2,17.89,0.877,cumin
542.0,804.0,777.0,900.0,94.07,44.37,0.0,25.3,1026.22,26.39,281.79,-76.28,16.56,0.849,cumin
544.0,803.0,776.0,896.0,101.16,45.5,0.0,25.3,1026.22,26.38,280.12,-76.2,17.89,0.847,cumin
522.0,800.0,772.0,890.0,90.03,46.13,0.0,25.3,1026.21,26.38,279.88,-76.2,17.53,0.86,cumin
509.0,795.0,770.0,889.0,109.66,46.26,0.0,25.29,1026.22,26.38,282.26,-76.28,17.63,0.867,cumin
529.0,797.0,770.0,893.0,115.69,44.5,0.0,25.29,1026.23,26.39,282.02,-76.28,16.86,0.797,cumin
512.0,795.0,767.0,890.0,114.04,46.39,0.0,25.29,1026.23,26.38,281.55,-76.28,17.53,0.813,cumin
509.0,793.0,766.0,890.0,105.44,45.88,0.0,25.29,1026.23,26.39,280.59,-76.28,17.53,0.844,cumin
494.0,792.0,763.0,889.0,106.76,45.12,0.0,25.28,1026.23,26.39,280.59,-76.28,17.01,0.795,cumin
483.0,789.0,761.0,887.0,102.43,46.13,0.0,25.28,1026.23,26.39,281.79,-76.28,17.07,0.788,cumin
471.0,787.0,759.0,885.0,106.1,43.76,0.0,25.28,1026.22,26.4,281.79,-76.2,17.74,0.767,cumin
465.0,783.0,757.0,883.0,108.98,44.75,0.0,25.27,1026.22,26.4,282.75,-76.28,16.07,0.788,cumin
459.0,780.0,754.0,882.0,97.66,43.88,0.0,25.27,1026.23,26.38,279.88,-76.28,16.26,0.801,cumin
461.0,776.0,751.0,880.0,89.28,44.75,0.0,25.27,1026.22,26.38,280.36,-76.28,17.32,0.828,cumin
458.0,774.0,750.0,879.0,100.12,43.88,0.0,25.27,1026.22,26.38,278.94,-76.2,16.51,0.819,cumin
453.0,772.0,748.0,877.0,89.28,44.62,0.0,25.26,1026.23,26.4,280.59,-76.28,17.68,0.806,cumin
448.0,769.0,746.0,877.0,81.23,45.0,0.0,25.26,1026.22,26.4,278.94,-76.28,17.17,0.773,cumin
444.0,767.0,744.0,875.0,83.13,45.12,0.0,25.26,1026.23,26.41,279.65,-76.28,17.74,0.794,cumin
442.0,764.0,742.0,874.0,70.0,46.0,0.0,25.26,1026.23,26.4,279.41,-76.28,17.79,0.803,cumin
438.0,762.0,740.0,873.0,68.66,43.63,0.0,25.26,1026.22,26.4,277.31,-76.2,16.36,0.779,cumin
435.0,760.0,739.0,871.0,62.98,45.37,0.0,25.25,1026.22,26.4,278.01,-76.2,17.79,0.736,cumin
433.0,758.0,737.0,871.0,69.25,44.12,0.0,25.25,1026.22,26.4,278.94,-76.28,16.71,0.723,cumin
435.0,756.0,735.0,871.0,61.9,45.75,0.0,25.25,1026.23,26.4,278.47,-76.28,17.58,0.781,cumin
469.0,758.0,735.0,877.0,62.44,44.0,0.0,25.25,1026.23,26.41,279.18,-76.28,16.81,0.766,cumin
558.0,771.0,750.0,899.0,69.85,45.37,0.0,25.24,1026.24,26.41,278.94,-76.37,17.53,0.77,cumin
542.0,774.0,756.0,894.0,66.48,44.62,0.0,25.24,1026.24,26.42,276.62,-76.37,16.81,0.744,cumin
509.0,772.0,756.0,888.0,60.3,43.76,0.0,25.24,1026.24,26.41,277.77,-76.37,17.12,0.788,cumin
483.0,769.0,753.0,883.0,54.16,45.37,0.0,25.24,1026.23,26.42,277.54,-76.45,18.37,0.741,cumin
468.0,766.0,751.0,880.0,54.28,44.37,0.0,25.24,1026.23,26.42,276.16,-76.28,17.32,0.703,cumin
468.0,766.0,748.0,881.0,62.98,45.25,0.0,25.23,1026.23,26.43,276.39,-76.28,17.32,0.734,cumin
579.0,777.0,752.0,893.0,57.47,45.75,0.0,25.23,1026.23,26.43,276.39,-76.28,18.16,0.683,cumin
649.0,798.0,767.0,911.0,56.85,43.02,0.0,25.23,1026.23,26.43,276.85,-76.28,16.96,0.73,cumin
621.0,801.0,773.0,906.0,78.03,44.37,0.0,25.23,1026.23,26.44,275.7,-76.28,17.12,0.681,cumin
578.0,797.0,771.0,898.0,101.58,43.88,0.0,25.22,1026.23,26.44,275.01,-76.28,16.51,0.722,cumin
539.0,793.0,768.0,892.0,111.94,46.77,0.0,25.22,1026.23,26.44,275.01,-76.37,17.32,0.672,cumin
514.0,788.0,764.0,887.0,127.66,44.5,0.0,25.22,1026.23,26.44,274.33,-76.28,17.53,0.723,cumin
494.0,784.0,762.0,884.0,126.11,45.25,0.0,25.22,1026.24,26.45,274.33,-76.37,17.32,0.762,cumin
480.0,780.0,758.0,881.0,144.6,43.63,0.0,25.22,1026.24,26.45,274.56,-76.45,16.51,0.739,cumin
569.0,795.0,757.0,900.0,151.23,44.25,0.0,25.22,1026.24,26.46,276.39,-76.45,17.17,0.729,cumin
447.0,735.0,719.0,878.0,29.73,40.99,0.0,25.28,1026.21,26.46,279.88,-76.12,16.81,0.639,cinnamon
454.0,737.0,721.0,880.0,29.22,42.78,0.0,25.29,1026.21,26.47,281.55,-76.2,16.02,0.662,cinnamon
462.0,739.0,722.0,882.0,29.29,44.0,0.0,25.29,1026.2,26.46,280.12,-76.04,16.66,0.604,cinnamon
474.0,740.0,723.0,884.0,30.76,43.51,0.0,25.29,1026.2,26.45,279.88,-76.12,16.02,0.642,cinnamon
489.0,742.0,726.0,884.0,31.21,42.42,0.0,25.29,1026.21,26.45,282.51,-76.2,16.26,0.653,cinnamon
495.0,743.0,728.0,883.0,31.97,42.42,0.0,25.29,1026.22,26.43,282.99,-76.2,16.96,0.651,cinnamon
497.0,745.0,730.0,882.0,29.22,44.37,0.0,25.29,1026.21,26.43,283.23,-76.12,16.96,0.624,cinnamon
496.0,745.0,733.0,882.0,30.09,43.27,0.0,25.28,1026.21,26.42,281.79,-76.12,16.17,0.646,cinnamon
493.0,746.0,734.0,882.0,29.22,43.14,0.0,25.28,1026.21,26.41,283.71,-76.12,16.76,0.615,cinnamon
489.0,746.0,736.0,881.0,29.08,43.63,0.0,25.28,1026.22,26.4,279.88,-76.2,16.17,0.643,cinnamon
485.0,746.0,738.0,880.0,29.29,42.42,0.0,25.28,1026.22,26.39,280.36,-76.2,17.17,0.617,cinnamon
482.0,746.0,739.0,881.0,29.15,43.51,0.0,25.28,1026.22,26.38,279.88,-76.12,16.86,0.647,cinnamon
477.0,746.0,739.0,880.0,29.94,42.54,0.0,25.28,1026.22,26.39,278.94,-76.28,16.96,0.651,cinnamon
472.0,746.0,739.0,883.0,31.06,44.0,0.0,25.28,1026.22,26.37,277.31,-76.2,17.07,0.621,cinnamon
468.0,745.0,740.0,884.0,26.6,40.75,0.0,25.27,1026.22,26.37,277.77,-76.28,16.76,0.623,cinnamon
464.0,745.0,740.0,884.0,26.4,40.75,0.0,25.27,1026.23,26.37,277.54,-76.37,16.26,0.612,cinnamon
462.0,744.0,739.0,884.0,26.27,41.46,0.0,25.27,1026.23,26.36,274.1,-76.28,16.17,0.652,cinnamon
459.0,744.0,739.0,885.0,27.2,46.0,0.0,25.27,1026.23,26.36,273.88,-76.28,16.31,0.624,cinnamon
456.0,743.0,738.0,884.0,29.22,43.63,0.0,25.27,1026.22,26.36,275.47,-76.28,16.91,0.642,cinnamon
453.0,742.0,737.0,886.0,27.2,43.27,0.0,25.27,1026.22,26.37,274.33,-76.28,16.36,0.606,cinnamon
453.0,742.0,737.0,887.0,26.86,42.54,0.0,25.27,1026.23,26.37,275.7,-76.28,15.78,0.624,cinnamon
459.0,742.0,737.0,887.0,27.13,42.18,0.0,25.26,1026.23,26.37,276.85,-76.28,17.27,0.607,cinnamon
473.0,743.0,738.0,889.0,26.07,42.78,0.0,25.26,1026.23,26.37,279.41,-76.2,16.07,0.624,cinnamon
490.0,745.0,738.0,885.0,25.61,41.94,0.0,25.25,1026.22,26.35,279.65,-76.2,15.16,0.606,cinnamon
496.0,746.0,740.0,882.0,27.13,44.25,0.0,25.25,1026.22,26.36,280.83,-76.28,15.73,0.645,cinnamon
498.0,746.0,742.0,881.0,25.94,40.63,0.0,25.25,1026.22,26.35,281.55,-76.2,16.76,0.608,cinnamon
501.0,747.0,744.0,879.0,26.07,42.66,0.0,25.25,1026.22,26.34,282.51,-76.28,15.73,0.587,cinnamon
501.0,748.0,747.0,881.0,23.67,42.06,0.0,25.25,1026.22,26.34,281.55,-76.2,16.61,0.617,cinnamon
508.0,750.0,751.0,881.0,25.68,40.63,0.0,25.25,1026.23,26.32,283.71,-76.28,16.91,0.607,cinnamon
510.0,750.0,754.0,882.0,24.91,41.7,0.0,25.24,1026.23,26.32,281.31,-76.37,16.66,0.645,cinnamon
522.0,753.0,756.0,883.0,24.04,42.42,0.0,25.24,1026.24,26.32,280.36,-76.45,16.17,0.598,cinnamon
521.0,754.0,759.0,882.0,25.29,42.78,0.0,25.24,1026.25,26.3,279.41,-76.37,16.12,0.64,cinnamon
518.0,756.0,760.0,880.0,25.87,42.66,0.0,25.24,1026.23,26.31,279.18,-76.28,15.63,0.65,cinnamon
530.0,758.0,763.0,885.0,24.66,43.63,0.0,25.24,1026.23,26.3,277.31,-76.37,16.51,0.617,cinnamon
539.0,759.0,765.0,883.0,24.47,41.82,0.0,25.23,1026.23,26.3,278.94,-76.37,16.76,0.604,cinnamon
541.0,761.0,768.0,881.0,26.6,43.51,0.0,25.23,1026.23,26.3,279.88,-76.28,16.02,0.624,cinnamon
540.0,762.0,772.0,880.0,23.67,41.58,0.0,25.23,1026.23,26.3,279.18,-76.37,17.17,0.623,cinnamon
536.0,762.0,774.0,878.0,25.94,42.18,0.0,25.23,1026.23,26.3,280.36,-76.28,16.07,0.637,cinnamon
534.0,763.0,775.0,881.0,25.74,41.7,0.0,25.23,1026.22,26.3,279.41,-76.28,15.78,0.621,cinnamon
535.0,765.0,777.0,884.0,23.25,43.27,0.0,25.23,1026.22,26.3,278.47,-76.28,16.86,0.615,cinnamon
538.0,765.0,778.0,886.0,24.29,41.46,0.0,25.23,1026.22,26.3,278.47,-76.28,16.21,0.661,cinnamon
535.0,765.0,779.0,888.0,25.04,44.12,0.0,25.22,1026.23,26.3,279.18,-76.2,16.31,0.624,cinnamon
531.0,766.0,779.0,889.0,24.47,42.9,0.0,25.22,1026.21,26.31,278.47,-76.12,16.46,0.619,cinnamon
526.0,767.0,779.0,889.0,24.04,41.22,0.0,25.22,1026.2,26.32,277.31,-76.12,16.21,0.612,cinnamon
521.0,766.0,778.0,883.0,24.6,41.1,0.0,25.22,1026.2,26.32,277.08,-76.04,17.07,0.648,cinnamon
515.0,765.0,777.0,881.0,22.66,41.1,0.0,25.22,1026.19,26.34,278.01,-76.04,16.46,0.639,cinnamon
515.0,765.0,776.0,883.0,20.62,43.39,0.0,25.22,1026.2,26.33,277.54,-76.04,16.46,0.657,cinnamon
521.0,766.0,776.0,888.0,23.31,41.46,0.0,25.22,1026.2,26.33,275.47,-76.04,16.86,0.579,cinnamon
534.0,767.0,778.0,890.0,22.66,41.82,0.0,25.22,1026.2,26.35,275.7,-76.04,16.36,0.601,cinnamon
538.0,768.0,780.0,889.0,20.79,42.54,0.0,25.21,1026.19,26.36,275.47,-75.95,16.07,0.6,cinnamon
542.0,770.0,781.0,891.0,22.14,41.7,0.0,25.21,1026.18,26.36,275.7,-75.87,16.61,0.648,cinnamon
550.0,771.0,783.0,891.0,21.62,40.75,0.0,25.21,1026.18,26.36,276.39,-75.79,16.02,0.624,cinnamon
561.0,774.0,784.0,894.0,21.12,43.39,0.0,25.21,1026.16,26.36,275.7,-75.79,15.58,0.606,cinnamon
580.0,776.0,787.0,896.0,23.25,41.22,0.0,25.21,1026.17,26.37,277.08,-75.79,15.58,0.609,cinnamon
591.0,779.0,791.0,897.0,21.4,42.3,0.0,25.21,1026.16,26.38,278.71,-75.71,15.97,0.607,cinnamon
597.0,781.0,794.0,895.0,21.97,41.7,0.0,25.2,1026.16,26.39,279.41,-75.79,16.21,0.612,cinnamon
596.0,784.0,797.0,895.0,22.49,41.1,0.0,25.2,1026.17,26.39,280.36,-75.87,16.56,0.607,cinnamon
602.0,786.0,800.0,893.0,21.12,42.18,0.0,25.2,1026.18,26.38,281.79,-75.87,16.66,0.624,cinnamon
603.0,788.0,801.0,892.0,18.94,43.02,0.0,25.2,1026.18,26.38,279.18,-75.87,15.68,0.568,cinnamon
603.0,789.0,804.0,892.0,22.9,42.66,0.0,25.2,1026.19,26.38,279.88,-76.04,17.07,0.593,cinnamon
599.0,790.0,805.0,890.0,20.3,41.34,0.0,25.19,1026.18,26.39,279.65,-75.95,16.12,0.614,cinnamon
593.0,791.0,808.0,888.0,21.91,40.28,0.0,25.19,1026.18,26.4,278.01,-76.04,17.68,0.584,cinnamon
589.0,790.0,810.0,888.0,20.19,41.46,0.0,25.19,1026.2,26.42,279.65,-76.04,14.74,0.645,cinnamon
582.0,790.0,811.0,885.0,20.14,40.63,0.0,25.19,1026.19,26.42,277.54,-75.95,15.97,0.584,cinnamon
575.0,789.0,812.0,883.0,20.19,40.99,0.0,25.19,1026.19,26.42,277.77,-76.04,16.02,0.645,cinnamon
568.0,788.0,812.0,881.0,20.95,42.9,0.0,25.19,1026.19,26.43,277.77,-75.95,14.92,0.621,cinnamon
560.0,787.0,812.0,880.0,22.54,42.06,0.0,25.18,1026.19,26.45,278.71,-76.04,15.68,0.608,cinnamon
552.0,786.0,811.0,879.0,19.4,40.87,0.0,25.18,1026.21,26.44,279.65,-76.12,16.56,0.624,cinnamon
544.0,785.0,809.0,877.0,21.79,42.42,0.0,25.18,1026.22,26.46,279.65,-76.2,15.82,0.568,cinnamon
537.0,783.0,808.0,877.0,19.5,42.18,0.0,25.18,1026.22,26.45,279.18,-76.2,16.61,0.602,cinnamon
530.0,782.0,806.0,878.0,20.19,42.78,0.0,25.18,1026.23,26.45,279.41,-76.28,17.01,0.609,cinnamon
539.0,781.0,805.0,884.0,19.66,40.05,0.0,25.18,1026.22,26.46,278.71,-76.28,17.22,0.598,cinnamon
549.0,781.0,806.0,885.0,21.12,41.34,0.0,25.18,1026.23,26.45,280.36,-76.28,16.17,0.664,cinnamon
551.0,780.0,806.0,885.0,22.9,41.1,0.0,25.18,1026.22,26.45,278.71,-76.28,16.12,0.624,cinnamon
551.0,780.0,806.0,888.0,22.02,41.82,0.0,25.18,1026.23,26.47,280.36,-76.28,15.63,0.6,cinnamon
557.0,780.0,806.0,890.0,20.52,40.63,0.0,25.18,1026.22,26.46,281.31,-76.28,16.17,0.603,cinnamon
572.0,782.0,808.0,893.0,20.84,42.9,0.0,25.18,1026.22,26.47,278.01,-76.28,15.78,0.601,cinnamon
581.0,783.0,810.0,893.0,20.62,41.82,0.0,25.17,1026.23,26.47,280.12,-76.28,15.49,0.619,cinnamon
584.0,785.0,812.0,891.0,21.51,41.7,0.0,25.17,1026.22,26.46,282.51,-76.28,16.21,0.587,cinnamon
583.0,785.0,813.0,890.0,21.12,41.34,0.0,25.17,1026.22,26.47,282.26,-76.2,16.61,0.611,cinnamon
580.0,786.0,814.0,890.0,21.51,40.87,0.0,25.17,1026.23,26.46,282.75,-76.28,15.44,0.589,cinnamon
578.0,787.0,814.0,889.0,16.88,41.94,0.0,25.17,1026.23,26.47,283.47,-76.28,16.31,0.606,cinnamon
573.0,787.0,812.0,888.0,20.14,40.4,0.0,25.17,1026.23,26.45,283.71,-76.37,16.02,0.59,cinnamon
566.0,787.0,811.0,888.0,20.19,41.34,0.0,25.17,1026.24,26.44,283.23,-76.37,16.12,0.574,cinnamon
562.0,787.0,811.0,886.0,20.62,44.87,0.0,25.16,1026.24,26.44,284.93,-76.37,16.26,0.645,cinnamon
560.0,787.0,811.0,887.0,19.87,41.22,0.0,25.16,1026.24,26.43,286.41,-76.45,15.35,0.624,cinnamon
559.0,787.0,811.0,885.0,19.24,40.87,0.0,25.16,1026.24,26.43,286.9,-76.37,15.39,0.606,cinnamon
556.0,787.0,811.0,884.0,20.14,40.63,0.0,25.16,1026.24,26.43,290.42,-76.28,17.01,0.603,cinnamon
555.0,787.0,811.0,885.0,21.18,40.17,0.0,25.15,1026.24,26.42,291.69,-76.28,16.21,0.593,cinnamon
569.0,788.0,811.0,886.0,20.3,42.9,0.0,25.15,1026.22,26.4,290.16,-76.2,17.32,0.64,cinnamon
574.0,788.0,811.0,884.0,22.02,40.87,0.0,25.15,1026.23,26.39,290.16,-76.28,15.97,0.619,cinnamon
574.0,789.0,812.0,885.0,18.33,41.82,0.0,25.15,1026.21,26.38,291.44,-76.2,16.96,0.595,cinnamon
575.0,789.0,812.0,884.0,20.73,40.52,0.0,25.15,1026.22,26.36,289.91,-76.2,15.39,0.648,cinnamon
575.0,790.0,812.0,883.0,17.64,42.42,0.0,25.15,1026.22,26.36,289.4,-76.12,16.26,0.608,cinnamon
573.0,790.0,812.0,883.0,19.35,43.63,0.0,25.15,1026.2,26.37,288.9,-76.12,16.02,0.547,cinnamon
574.0,790.0,812.0,885.0,20.52,41.34,0.0,25.15,1026.21,26.36,287.65,-76.04,15.54,0.618,cinnamon
575.0,789.0,812.0,886.0,23.8,42.18,0.0,25.15,1026.21,26.36,289.4,-76.04,17.12,0.642,cinnamon
572.0,789.0,812.0,886.0,16.28,41.22,0.0,25.15,1026.21,26.36,287.65,-76.12,15.97,0.603,cinnamon
569.0,789.0,812.0,885.0,20.25,41.82,0.0,25.14,1026.2,26.36,290.42,-76.12,15.2,0.606,cinnamon
568.0,789.0,811.0,887.0,20.09,42.06,0.0,25.14,1026.2,26.37,291.18,-75.95,16.36,0.642,cinnamon
568.0,788.0,811.0,886.0,19.14,40.87,0.0,25.14,1026.18,26.36,290.93,-75.87,16.66,0.621,cinnamon
563.0,788.0,811.0,886.0,17.79,40.4,0.0,25.14,1026.19,26.34,289.66,-75.95,16.17,0.652,cinnamon
446.0,733.0,737.0,905.0,24.98,40.99,0.0,25.23,1026.25,26.35,290.67,-76.45,16.26,0.606,paprika
442.0,732.0,735.0,897.0,22.02,40.63,0.0,25.23,1026.26,26.34,289.4,-76.45,15.49,0.575,paprika
440.0,732.0,734.0,892.0,25.81,41.1,0.0,25.23,1026.25,26.35,289.91,-76.45,15.02,0.584,paprika
438.0,731.0,733.0,888.0,23.98,39.94,0.0,25.23,1026.25,26.35,289.15,-76.53,16.07,0.581,paprika
435.0,729.0,732.0,886.0,27.0,41.58,0.0,25.23,1026.26,26.35,289.15,-76.53,16.07,0.593,paprika
433.0,729.0,731.0,884.0,25.36,40.87,0.0,25.22,1026.25,26.35,287.4,-76.45,15.97,0.617,paprika
432.0,727.0,730.0,882.0,24.6,39.82,0.0,25.22,1026.25,26.37,287.4,-76.45,16.12,0.612,paprika
430.0,727.0,728.0,881.0,22.37,43.14,0.0,25.22,1026.24,26.39,287.9,-76.37,16.17,0.621,paprika
429.0,726.0,727.0,881.0,28.09,40.87,0.0,25.22,1026.24,26.39,289.4,-76.37,17.12,0.595,paprika
428.0,725.0,726.0,880.0,23.07,41.46,0.0,25.21,1026.24,26.41,288.9,-76.37,16.07,0.606,paprika
427.0,724.0,726.0,880.0,26.2,41.46,0.0,25.21,1026.23,26.39,289.4,-76.37,15.92,0.613,paprika
427.0,724.0,724.0,880.0,25.94,41.7,0.0,25.21,1026.24,26.4,289.66,-76.37,15.54,0.6,paprika
427.0,723.0,724.0,879.0,24.54,41.94,0.0,25.21,1026.24,26.41,289.66,-76.28,16.56,0.567,paprika
426.0,722.0,723.0,878.0,23.49,41.82,0.0,25.2,1026.23,26.42,287.65,-76.28,15.44,0.601,paprika
425.0,721.0,722.0,878.0,23.98,41.46,0.0,25.2,1026.24,26.42,289.91,-76.37,15.3,0.597,paprika
425.0,721.0,721.0,878.0,23.13,39.47,0.0,25.2,1026.24,26.41,289.66,-76.37,17.27,0.575,paprika
424.0,720.0,721.0,878.0,25.61,40.52,0.0,25.2,1026.23,26.41,290.67,-76.37,15.54,0.609,paprika
424.0,720.0,719.0,878.0,28.16,40.17,0.0,25.2,1026.24,26.41,289.15,-76.45,15.97,0.578,paprika
424.0,719.0,720.0,878.0,27.75,39.82,0.0,25.2,1026.25,26.42,289.66,-76.37,15.3,0.567,paprika
423.0,719.0,718.0,879.0,26.93,40.28,0.0,25.19,1026.24,26.4,288.9,-76.45,15.11,0.565,paprika
426.0,719.0,718.0,882.0,27.81,40.4,0.0,25.19,1026.25,26.41,289.4,-76.45,16.21,0.612,paprika
438.0,722.0,721.0,912.0,25.36,39.82,0.0,25.19,1026.25,26.41,287.9,-76.45,16.76,0.612,paprika
463.0,730.0,727.0,946.0,27.47,40.17,0.0,25.19,1026.25,26.41,289.91,-76.37,15.39,0.565,paprika
475.0,735.0,732.0,949.0,25.36,41.7,0.0,25.18,1026.25,26.41,288.4,-76.45,17.07,0.614,paprika
480.0,739.0,736.0,955.0,25.74,40.17,0.0,25.18,1026.24,26.42,289.15,-76.37,14.74,0.554,paprika
480.0,741.0,738.0,950.0,24.6,40.17,0.0,25.18,1026.24,26.41,288.9,-76.45,15.02,0.569,paprika
470.0,741.0,738.0,938.0,23.8,41.94,0.0,25.18,1026.23,26.42,290.42,-76.37,15.2,0.579,paprika
459.0,740.0,736.0,930.0,25.49,40.75,0.0,25.17,1026.23,26.43,288.4,-76.28,17.12,0.559,paprika
452.0,738.0,735.0,923.0,25.36,40.17,0.0,25.17,1026.24,26.43,287.65,-76.37,16.02,0.612,paprika
447.0,736.0,734.0,919.0,29.73,41.1,0.0,25.17,1026.24,26.43,287.65,-76.37,15.35,0.584,paprika
444.0,734.0,732.0,917.0,29.29,41.22,0.0,25.17,1026.24,26.45,288.4,-76.37,15.87,0.56,paprika
443.0,733.0,731.0,917.0,28.23,40.28,0.0,25.17,1026.23,26.46,289.4,-76.28,16.07,0.565,paprika
444.0,733.0,732.0,922.0,31.74,40.52,0.0,25.17,1026.22,26.45,287.9,-76.28,16.26,0.612,paprika
455.0,736.0,732.0,932.0,31.28,39.94,0.0,25.17,1026.22,26.46,288.65,-76.2,15.68,0.558,paprika
456.0,740.0,732.0,932.0,30.16,40.75,0.0,25.18,1026.21,26.45,288.65,-76.2,16.07,0.592,paprika
454.0,741.0,731.0,929.0,30.24,42.66,0.0,25.18,1026.22,26.47,287.9,-76.28,14.65,0.549,paprika
457.0,742.0,732.0,936.0,27.75,42.78,0.0,25.18,1026.23,26.46,287.9,-76.28,15.25,0.602,paprika
463.0,744.0,732.0,939.0,29.65,41.1,0.0,25.18,1026.23,26.48,288.15,-76.28,16.07,0.6,paprika
458.0,744.0,731.0,934.0,27.34,40.28,0.0,25.18,1026.23,26.47,286.9,-76.28,15.49,0.584,paprika
455.0,743.0,731.0,933.0,29.22,40.05,0.0,25.18,1026.23,26.48,287.65,-76.28,16.61,0.54,paprika
462.0,744.0,733.0,942.0,23.98,40.05,0.0,25.17,1026.23,26.48,287.9,-76.28,16.21,0.604,paprika
460.0,743.0,734.0,936.0,22.96,40.52,0.0,25.17,1026.23,26.48,288.65,-76.37,15.97,0.568,paprika
455.0,741.0,732.0,929.0,26.0,42.66,0.0,25.17,1026.24,26.48,288.65,-76.37,15.58,0.606,paprika
448.0,739.0,731.0,924.0,20.46,42.18,0.0,25.18,1026.24,26.5,286.65,-76.37,16.21,0.547,paprika
444.0,737.0,730.0,920.0,24.91,40.63,0.0,25.18,1026.24,26.5,287.9,-76.37,16.31,0.607,paprika
441.0,736.0,729.0,918.0,23.31,41.82,0.0,25.18,1026.24,26.5,286.9,-76.37,14.6,0.59,paprika
438.0,734.0,727.0,915.0,25.94,39.7,0.0,25.18,1026.25,26.5,287.15,-76.45,15.68,0.593,paprika
436.0,732.0,726.0,914.0,24.16,40.75,0.0,25.18,1026.24,26.5,288.9,-76.37,15.87,0.602,paprika
434.0,730.0,724.0,913.0,24.23,40.75,0.0,25.18,1026.24,26.51,288.9,-76.37,16.17,0.56,paprika
434.0,730.0,724.0,912.0,24.98,40.52,0.0,25.18,1026.22,26.5,288.4,-76.28,16.26,0.613,paprika
433.0,728.0,723.0,910.0,27.0,40.63,0.0,25.19,1026.22,26.51,289.91,-76.28,16.66,0.597,paprika
433.0,727.0,722.0,914.0,22.78,42.18,0.0,25.19,1026.23,26.5,287.4,-76.28,15.73,0.607,paprika
438.0,726.0,725.0,933.0,20.35,43.02,0.0,25.18,1026.23,26.5,288.9,-76.37,16.17,0.581,paprika
452.0,726.0,730.0,947.0,22.54,40.05,0.0,25.18,1026.23,26.51,287.9,-76.28,16.71,0.598,paprika
451.0,725.0,733.0,939.0,23.86,40.63,0.0,25.18,1026.23,26.5,288.15,-76.28,15.82,0.568,paprika
445.0,724.0,733.0,931.0,22.31,40.52,0.0,25.18,1026.22,26.51,288.4,-76.2,16.12,0.585,paprika
440.0,723.0,731.0,925.0,21.97,40.87,0.0,25.18,1026.22,26.51,287.9,-76.2,15.92,0.593,paprika
436.0,721.0,730.0,920.0,20.52,42.06,0.0,25.18,1026.22,26.51,287.4,-76.28,16.36,0.57,paprika
433.0,720.0,728.0,917.0,23.07,41.7,0.0,25.18,1026.22,26.51,287.4,-76.28,16.07,0.568,paprika
432.0,720.0,727.0,915.0,22.02,41.58,0.0,25.18,1026.23,26.5,288.15,-76.28,15.35,0.578,paprika
431.0,719.0,726.0,914.0,19.82,42.06,0.0,25.18,1026.23,26.52,287.9,-76.28,15.58,0.601,paprika
429.0,718.0,725.0,912.0,19.77,40.4,0.0,25.18,1026.22,26.5,285.91,-76.2,16.02,0.563,paprika
427.0,717.0,723.0,909.0,21.51,41.34,0.0,25.18,1026.21,26.5,289.15,-76.12,16.41,0.586,paprika
427.0,717.0,722.0,909.0,21.91,40.99,0.0,25.18,1026.21,26.51,286.65,-76.04,15.97,0.585,paprika
427.0,715.0,720.0,908.0,21.01,42.66,0.0,25.18,1026.2,26.51,287.15,-76.12,16.21,0.609,paprika
426.0,715.0,720.0,906.0,19.77,42.06,0.0,25.18,1026.21,26.5,287.9,-76.12,15.68,0.558,paprika
425.0,714.0,718.0,906.0,21.12,41.58,0.0,25.18,1026.21,26.49,288.65,-76.12,17.32,0.587,paprika
425.0,715.0,717.0,909.0,20.52,40.28,0.0,25.18,1026.21,26.49,289.66,-76.12,16.07,0.547,paprika
429.0,715.0,717.0,911.0,23.86,39.82,0.0,25.17,1026.21,26.49,287.15,-76.12,15.73,0.613,paprika
428.0,714.0,716.0,909.0,22.31,42.18,0.0,25.17,1026.2,26.49,288.15,-76.12,15.02,0.617,paprika
426.0,714.0,715.0,906.0,22.6,40.28,0.0,25.17,1026.2,26.49,288.15,-76.04,16.21,0.556,paprika
425.0,713.0,715.0,905.0,22.2,41.22,0.0,25.17,1026.21,26.49,288.4,-76.12,14.83,0.547,paprika
424.0,712.0,713.0,903.0,22.31,43.39,0.0,25.17,1026.21,26.49,290.42,-76.12,15.49,0.586,paprika
423.0,711.0,713.0,902.0,21.97,40.05,0.0,25.17,1026.21,26.51,288.4,-76.12,16.31,0.578,paprika
422.0,711.0,712.0,902.0,23.49,42.54,0.0,25.17,1026.22,26.5,289.91,-76.2,15.97,0.56,paprika
423.0,711.0,711.0,902.0,26.0,43.63,0.0,25.17,1026.22,26.49,289.4,-76.2,16.51,0.584,paprika
425.0,711.0,711.0,906.0,22.78,41.22,0.0,25.17,1026.22,26.5,288.15,-76.2,16.17,0.581,paprika
425.0,710.0,710.0,907.0,25.74,41.94,0.0,25.17,1026.22,26.5,290.16,-76.2,15.68,0.593,paprika
424.0,710.0,710.0,904.0,22.08,41.34,0.0,25.17,1026.23,26.49,287.9,-76.2,14.78,0.595,paprika
423.0,709.0,709.0,903.0,23.07,42.9,0.0,25.17,1026.22,26.5,289.15,-76.28,15.92,0.584,paprika
422.0,709.0,708.0,901.0,22.02,40.99,0.0,25.16,1026.22,26.5,288.65,-76.28,15.25,0.59,paprika
421.0,709.0,708.0,900.0,24.54,40.99,0.0,25.16,1026.23,26.51,289.66,-76.28,16.02,0.639,paprika
420.0,708.0,707.0,899.0,23.86,40.87,0.0,25.16,1026.23,26.5,288.15,-76.28,16.36,0.595,paprika
419.0,707.0,705.0,898.0,21.4,42.18,0.0,25.16,1026.24,26.5,289.66,-76.37,15.2,0.575,paprika
419.0,707.0,705.0,898.0,24.35,40.05,0.0,25.16,1026.25,26.5,289.15,-76.45,15.58,0.606,paprika
419.0,706.0,705.0,897.0,24.41,40.28,0.0,25.16,1026.25,26.5,289.91,-76.45,16.07,0.553,paprika
418.0,706.0,704.0,896.0,22.14,39.94,0.0,25.16,1026.26,26.51,289.15,-76.53,15.58,0.547,paprika
418.0,705.0,704.0,896.0,20.79,40.52,0.0,25.16,1026.26,26.51,288.4,-76.61,15.54,0.645,paprika
417.0,705.0,703.0,896.0,23.55,40.75,0.0,25.16,1026.27,26.5,288.9,-76.61,16.41,0.57,paprika
417.0,704.0,702.0,895.0,22.14,40.75,0.0,25.16,1026.26,26.5,288.15,-76.53,15.68,0.565,paprika
416.0,704.0,701.0,894.0,22.54,42.18,0.0,25.16,1026.27,26.51,288.65,-76.61,15.16,0.593,paprika
416.0,703.0,701.0,894.0,23.13,39.7,0.0,25.15,1026.27,26.52,288.9,-76.69,15.63,0.584,paprika
416.0,703.0,700.0,893.0,21.51,40.99,0.0,25.15,1026.28,26.52,288.9,-76.69,16.51,0.567,paprika
415.0,702.0,700.0,893.0,21.74,43.39,0.0,25.15,1026.27,26.51,289.66,-76.61,15.97,0.608,paprika
415.0,701.0,699.0,893.0,24.72,39.36,0.0,25.15,1026.27,26.52,289.15,-76.69,15.92,0.606,paprika
415.0,701.0,699.0,892.0,22.31,42.06,0.0,25.15,1026.28,26.51,288.65,-76.69,16.61,0.624,paprika
414.0,701.0,698.0,892.0,19.4,39.59,0.0,25.15,1026.28,26.52,290.16,-76.61,15.58,0.586,paprika
414.0,700.0,698.0,892.0,20.95,41.22,0.0,25.15,1026.28,26.53,289.91,-76.61,16.26,0.568,paprika
414.0,700.0,697.0,892.0,24.91,41.34,0.0,25.15,1026.27,26.52,289.15,-76.69,15.82,0.564,paprika
413.0,700.0,696.0,891.0,19.71,40.87,0.0,25.15,1026.28,26.53,290.16,-76.61,15.87,0.543,paprika
414.0,700.0,696.0,892.0,20.3,41.7,0.0,25.15,1026.27,26.53,289.66,-76.53,15.68,0.546,paprika
416.0,699.0,696.0,894.0,22.2,39.82,0.0,25.15,1026.26,26.53,289.91,-76.53,15.78,0.545,paprika
416.0,700.0,696.0,893.0,22.84,41.7,0.0,25.15,1026.26,26.53,289.4,-76.53,15.49,0.608,paprika
404.0,683.0,676.0,882.0,20.19,40.05,0.0,25.28,1026.25,26.61,288.4,-76.53,15.3,0.562,garlicpowder
404.0,683.0,675.0,881.0,19.71,40.17,0.0,25.28,1026.26,26.6,289.91,-76.53,14.88,0.6,garlicpowder
405.0,683.0,675.0,881.0,18.53,40.28,0.0,25.28,1026.25,26.6,290.16,-76.45,16.71,0.589,garlicpowder
404.0,683.0,675.0,882.0,18.53,41.46,0.0,25.28,1026.24,26.59,288.9,-76.45,16.31,0.567,garlicpowder
404.0,683.0,674.0,881.0,16.74,40.28,0.0,25.28,1026.24,26.58,289.4,-76.45,16.66,0.602,garlicpowder
404.0,682.0,674.0,882.0,19.4,42.66,0.0,25.28,1026.24,26.57,289.91,-76.45,14.92,0.57,garlicpowder
404.0,682.0,674.0,882.0,20.03,41.7,0.0,25.28,1026.25,26.57,289.15,-76.45,15.73,0.568,garlicpowder
403.0,682.0,674.0,882.0,17.02,40.87,0.0,25.28,1026.26,26.57,289.66,-76.45,15.44,0.556,garlicpowder
404.0,682.0,674.0,882.0,19.4,39.59,0.0,25.27,1026.25,26.56,289.91,-76.45,15.58,0.565,garlicpowder
403.0,681.0,674.0,881.0,18.33,40.17,0.0,25.27,1026.25,26.56,289.4,-76.61,15.25,0.567,garlicpowder
403.0,681.0,674.0,880.0,20.41,41.46,0.0,25.27,1026.26,26.56,287.65,-76.61,15.39,0.559,garlicpowder
403.0,682.0,673.0,880.0,17.94,39.13,0.0,25.27,1026.27,26.57,289.66,-76.61,15.3,0.558,garlicpowder
403.0,681.0,673.0,881.0,17.94,40.28,0.0,25.27,1026.27,26.56,289.15,-76.61,15.25,0.548,garlicpowder
403.0,681.0,673.0,880.0,16.93,40.75,0.0,25.27,1026.27,26.56,287.15,-76.69,16.21,0.575,garlicpowder
402.0,681.0,673.0,880.0,21.62,42.54,0.0,25.27,1026.28,26.55,287.9,-76.78,15.25,0.551,garlicpowder
402.0,680.0,672.0,880.0,17.35,40.4,0.0,25.26,1026.29,26.56,288.15,-76.78,16.17,0.564,garlicpowder
403.0,681.0,672.0,880.0,18.53,43.14,0.0,25.26,1026.29,26.57,288.15,-76.78,15.11,0.552,garlicpowder
402.0,680.0,673.0,879.0,17.74,39.82,0.0,25.26,1026.29,26.57,287.4,-76.78,15.35,0.587,garlicpowder
402.0,680.0,672.0,880.0,18.08,41.7,0.0,25.26,1026.29,26.57,288.65,-76.78,15.73,0.578,garlicpowder
402.0,680.0,672.0,879.0,19.19,41.34,0.0,25.26,1026.29,26.57,288.15,-76.86,15.87,0.596,garlicpowder
401.0,680.0,672.0,880.0,20.46,40.99,0.0,25.26,1026.29,26.57,288.9,-76.86,15.16,0.567,garlicpowder
401.0,680.0,672.0,880.0,19.93,40.05,0.0,25.26,1026.3,26.57,288.9,-76.78,15.78,0.536,garlicpowder
402.0,680.0,672.0,880.0,20.52,39.59,0.0,25.26,1026.28,26.58,288.65,-76.78,14.42,0.592,garlicpowder
402.0,679.0,671.0,879.0,15.96,41.22,0.0,25.26,1026.29,26.57,288.9,-76.78,15.44,0.582,garlicpowder
402.0,680.0,671.0,879.0,16.56,39.59,0.0,25.26,1026.29,26.57,287.9,-76.78,15.11,0.563,garlicpowder
401.0,679.0,671.0,879.0,16.28,41.46,0.0,25.26,1026.29,26.57,286.9,-76.94,15.49,0.568,garlicpowder
401.0,679.0,671.0,880.0,19.56,40.52,0.0,25.26,1026.3,26.58,287.4,-76.78,16.41,0.529,garlicpowder
401.0,679.0,670.0,879.0,16.01,40.4,0.0,25.27,1026.29,26.58,288.4,-76.78,16.26,0.569,garlicpowder
400.0,678.0,670.0,878.0,17.79,40.87,0.0,25.27,1026.29,26.58,286.9,-76.78,14.92,0.556,garlicpowder
401.0,678.0,670.0,879.0,19.3,40.28,0.0,25.27,1026.29,26.58,287.65,-76.78,15.39,0.607,garlicpowder
401.0,679.0,669.0,879.0,18.08,39.47,0.0,25.28,1026.29,26.59,287.65,-76.78,14.83,0.536,garlicpowder
401.0,678.0,670.0,879.0,19.5,41.46,0.0,25.28,1026.28,26.59,287.15,-76.78,15.25,0.584,garlicpowder
401.0,679.0,670.0,879.0,19.35,40.05,0.0,25.28,1026.28,26.6,287.15,-76.78,15.06,0.536,garlicpowder
401.0,678.0,670.0,879.0,16.51,41.34,0.0,25.29,1026.29,26.6,286.9,-76.86,16.21,0.569,garlicpowder
401.0,678.0,670.0,879.0,17.94,40.17,0.0,25.29,1026.29,26.59,287.15,-76.78,15.35,0.551,garlicpowder
401.0,678.0,669.0,880.0,19.4,41.46,0.0,25.3,1026.29,26.6,288.15,-76.78,15.97,0.589,garlicpowder
401.0,678.0,669.0,879.0,16.79,39.94,0.0,25.3,1026.29,26.61,286.65,-76.78,15.49,0.587,garlicpowder
401.0,678.0,669.0,879.0,17.94,40.05,0.0,25.3,1026.29,26.6,288.4,-76.78,15.68,0.573,garlicpowder
400.0,678.0,669.0,879.0,19.35,40.52,0.0,25.31,1026.3,26.6,286.9,-76.86,15.97,0.58,garlicpowder
401.0,677.0,669.0,879.0,18.33,40.63,0.0,25.31,1026.3,26.59,287.9,-76.94,15.63,0.547,garlicpowder
401.0,677.0,669.0,878.0,21.12,40.4,0.0,25.31,1026.31,26.6,288.15,-76.94,14.88,0.526,garlicpowder
400.0,677.0,668.0,878.0,18.33,39.47,0.0,25.32,1026.31,26.6,286.16,-76.94,16.17,0.56,garlicpowder
401.0,678.0,668.0,877.0,19.24,39.02,0.0,25.32,1026.3,26.6,288.4,-76.94,14.19,0.575,garlicpowder
400.0,677.0,668.0,877.0,18.43,39.59,0.0,25.32,1026.3,26.59,289.15,-76.94,15.44,0.592,garlicpowder
400.0,677.0,668.0,877.0,19.4,40.4,0.0,25.33,1026.31,26.59,287.9,-77.02,15.44,0.593,garlicpowder
400.0,676.0,667.0,877.0,16.24,40.17,0.0,25.33,1026.31,26.58,288.15,-77.02,14.1,0.551,garlicpowder
400.0,677.0,668.0,877.0,18.33,40.63,0.0,25.33,1026.31,26.6,288.9,-77.11,15.87,0.565,garlicpowder
400.0,676.0,668.0,877.0,19.4,41.1,0.0,25.33,1026.32,26.59,288.4,-77.11,15.58,0.585,garlicpowder
399.0,676.0,667.0,876.0,19.45,39.7,0.0,25.33,1026.32,26.59,287.9,-77.02,15.44,0.587,garlicpowder
399.0,676.0,667.0,876.0,17.45,39.94,0.0,25.34,1026.32,26.58,289.91,-77.02,15.68,0.573,garlicpowder
400.0,676.0,667.0,876.0,17.79,42.54,0.0,25.34,1026.32,26.58,288.4,-77.11,15.54,0.593,garlicpowder
399.0,676.0,667.0,876.0,18.13,39.82,0.0,25.34,1026.32,26.56,288.65,-77.19,16.31,0.597,garlicpowder
399.0,676.0,666.0,877.0,17.16,39.7,0.0,25.35,1026.34,26.57,289.15,-77.11,15.11,0.567,garlicpowder
399.0,676.0,667.0,877.0,19.3,39.13,0.0,25.35,1026.34,26.56,289.15,-77.19,16.26,0.569,garlicpowder
399.0,676.0,667.0,876.0,18.53,39.7,0.0,25.35,1026.34,26.57,288.15,-77.19,15.3,0.595,garlicpowder
400.0,676.0,666.0,877.0,19.71,40.17,0.0,25.35,1026.33,26.54,287.15,-77.19,15.68,0.609,garlicpowder
399.0,676.0,666.0,877.0,20.35,40.63,0.0,25.35,1026.34,26.55,287.9,-77.19,15.78,0.549,garlicpowder
399.0,675.0,666.0,877.0,16.88,40.52,0.0,25.36,1026.34,26.54,288.9,-77.19,14.92,0.557,garlicpowder
399.0,675.0,666.0,876.0,16.65,39.47,0.0,25.36,1026.34,26.54,288.65,-77.19,15.87,0.569,garlicpowder
399.0,675.0,666.0,877.0,19.82,39.13,0.0,25.36,1026.35,26.54,287.9,-77.27,15.82,0.6,garlicpowder
399.0,675.0,666.0,876.0,18.53,39.47,0.0,25.35,1026.34,26.53,288.4,-77.27,16.21,0.567,garlicpowder
399.0,675.0,665.0,876.0,19.45,41.46,0.0,25.35,1026.35,26.52,288.15,-77.27,15.16,0.57,garlicpowder
398.0,675.0,666.0,876.0,20.25,39.7,0.0,25.35,1026.35,26.52,288.4,-77.19,15.78,0.547,garlicpowder
399.0,675.0,665.0,876.0,16.56,40.63,0.0,25.35,1026.34,26.52,288.9,-77.27,15.54,0.563,garlicpowder
398.0,674.0,665.0,877.0,15.61,39.13,0.0,25.35,1026.34,26.52,288.9,-77.27,15.35,0.564,garlicpowder
398.0,675.0,665.0,876.0,19.4,38.45,0.0,25.35,1026.34,26.52,289.15,-77.27,15.97,0.538,garlicpowder
399.0,674.0,665.0,876.0,17.89,41.82,0.0,25.35,1026.35,26.52,288.9,-77.27,15.25,0.541,garlicpowder
399.0,674.0,665.0,876.0,17.5,39.94,0.0,25.36,1026.35,26.53,289.15,-77.27,15.54,0.552,garlicpowder
398.0,674.0,665.0,876.0,17.26,39.36,0.0,25.36,1026.35,26.53,288.4,-77.44,14.69,0.559,garlicpowder
398.0,674.0,665.0,876.0,21.01,40.4,0.0,25.36,1026.36,26.55,287.65,-77.44,15.92,0.575,garlicpowder
399.0,674.0,665.0,876.0,16.37,39.7,0.0,25.36,1026.36,26.53,289.4,-77.44,15.3,0.569,garlicpowder
398.0,674.0,664.0,876.0,18.53,39.7,0.0,25.37,1026.35,26.54,288.4,-77.35,15.25,0.581,garlicpowder
398.0,673.0,664.0,876.0,18.53,39.94,0.0,25.37,1026.35,26.54,288.15,-77.27,15.39,0.574,garlicpowder
398.0,674.0,664.0,876.0,17.55,39.59,0.0,25.37,1026.34,26.54,289.66,-77.19,14.83,0.542,garlicpowder
397.0,673.0,664.0,876.0,17.84,38.79,0.0,25.37,1026.34,26.52,287.9,-77.11,15.11,0.645,garlicpowder
398.0,673.0,664.0,876.0,17.69,39.47,0.0,25.38,1026.33,26.52,289.15,-77.11,15.44,0.607,garlicpowder
397.0,674.0,664.0,876.0,18.43,38.0,0.0,25.38,1026.33,26.53,288.65,-77.02,14.42,0.556,garlicpowder
398.0,673.0,663.0,875.0,17.79,39.7,0.0,25.38,1026.31,26.51,287.9,-76.94,15.44,0.575,garlicpowder
397.0,673.0,663.0,876.0,17.12,40.4,0.0,25.38,1026.31,26.52,288.65,-76.94,15.82,0.556,garlicpowder
398.0,673.0,663.0,875.0,17.5,40.4,0.0,25.39,1026.3,26.52,289.66,-76.94,15.11,0.529,garlicpowder
397.0,673.0,663.0,876.0,16.19,40.17,0.0,25.39,1026.31,26.51,287.4,-76.94,14.46,0.582,garlicpowder
397.0,673.0,663.0,875.0,17.26,40.05,0.0,25.39,1026.31,26.49,288.4,-77.02,15.06,0.53,garlicpowder
397.0,672.0,663.0,875.0,17.16,40.52,0.0,25.39,1026.32,26.49,288.65,-77.02,15.35,0.565,garlicpowder
397.0,672.0,662.0,875.0,18.13,39.82,0.0,25.4,1026.31,26.49,288.4,-77.02,15.54,0.592,garlicpowder
397.0,672.0,662.0,875.0,17.35,39.7,0.0,25.4,1026.31,26.49,288.65,-76.94,15.63,0.581,garlicpowder
397.0,672.0,663.0,875.0,19.77,39.7,0.0,25.4,1026.31,26.48,290.16,-76.94,15.73,0.57,garlicpowder
397.0,672.0,662.0,875.0,19.4,39.36,0.0,25.41,1026.3,26.47,288.65,-76.86,15.58,0.556,garlicpowder
397.0,672.0,662.0,875.0,21.18,39.59,0.0,25.41,1026.3,26.47,289.66,-76.78,15.58,0.554,garlicpowder
397.0,672.0,662.0,875.0,17.5,39.7,0.0,25.41,1026.29,26.47,289.15,-76.78,15.68,0.6,garlicpowder
397.0,672.0,662.0,875.0,17.26,38.22,0.0,25.42,1026.29,26.46,289.91,-76.86,15.39,0.527,garlicpowder
396.0,671.0,662.0,875.0,18.43,39.7,0.0,25.42,1026.29,26.46,288.9,-76.78,15.35,0.547,garlicpowder
396.0,671.0,661.0,875.0,19.09,41.1,0.0,25.42,1026.3,26.46,287.9,-76.78,15.02,0.575,garlicpowder
396.0,671.0,662.0,875.0,18.53,39.82,0.0,25.42,1026.29,26.46,289.91,-76.78,15.92,0.568,garlicpowder
396.0,671.0,661.0,875.0,20.19,40.4,0.0,25.42,1026.29,26.45,288.4,-76.69,14.51,0.548,garlicpowder
396.0,671.0,661.0,874.0,16.79,39.82,0.0,25.43,1026.27,26.46,289.15,-76.69,14.69,0.606,garlicpowder
396.0,671.0,661.0,875.0,17.31,39.7,0.0,25.43,1026.28,26.45,289.4,-76.69,15.35,0.568,garlicpowder
396.0,670.0,662.0,875.0,16.28,38.0,0.0,25.43,1026.28,26.45,288.9,-76.69,14.6,0.546,garlicpowder
396.0,670.0,661.0,875.0,19.24,39.24,0.0,25.43,1026.28,26.45,289.15,-76.69,14.6,0.57,garlicpowder
395.0,671.0,661.0,874.0,20.84,39.47,0.0,25.43,1026.27,26.45,288.9,-76.69,14.97,0.564,garlicpowder
395.0,670.0,660.0,874.0,18.88,39.13,0.0,25.43,1026.27,26.45,288.9,-76.69,15.54,0.567,garlicpowder
395.0,670.0,660.0,874.0,20.09,40.05,0.0,25.43,1026.28,26.45,288.15,-76.69,14.78,0.507,garlicpowder
396.0,670.0,661.0,873.0,18.53,38.67,0.0,25.43,1026.27,26.45,289.15,-76.61,15.63,0.59,garlicpowder
615.0,940.0,928.0,1019.0,48872.41,113.13,0.08,25.45,1026.33,26.45,198.62,-77.11,23.01,2.343,vanilla
585.0,942.0,924.0,1020.0,28496.39,150.28,0.34,25.45,1026.33,26.45,196.74,-77.19,25.27,2.455,vanilla
662.0,951.0,936.0,1020.0,188.37,98.69,0.02,25.77,1026.34,26.5,206.15,-77.11,17.63,2.485,vanilla
686.0,954.0,939.0,1020.0,184.96,85.18,0.02,25.78,1026.33,26.55,206.67,-77.11,17.42,2.554,vanilla
654.0,951.0,936.0,1018.0,340.46,84.8,0.02,25.78,1026.33,26.59,205.39,-77.02,16.21,2.553,vanilla
585.0,940.0,928.0,1015.0,456.06,102.33,0.02,25.78,1026.32,26.62,204.5,-77.11,18.75,2.44,vanilla
537.0,928.0,920.0,1015.0,1142.99,157.51,0.08,25.78,1026.33,26.62,204.5,-77.11,22.27,2.304,vanilla
491.0,911.0,894.0,1016.0,24463386.0,108.77,0.04,25.76,1026.34,26.24,227.96,-77.19,19.91,2.612,vanilla
551.0,928.0,908.0,1018.0,54737.05,91.86,0.05,25.76,1026.35,26.22,229.07,-77.19,22.03,3.087,vanilla
530.0,928.0,907.0,1019.0,223418.14,89.66,0.03,25.76,1026.35,26.2,227.96,-77.27,20.72,3.337,vanilla
587.0,932.0,923.0,1019.0,44220.1,193.66,0.07,25.75,1026.34,26.18,220.25,-77.19,20.78,3.242,vanilla
578.0,932.0,926.0,1018.0,159528.67,226.57,0.25,25.75,1026.34,26.16,211.81,-77.27,30.56,3.066,vanilla
542.0,923.0,924.0,1016.0,313464.47,171.77,0.22,25.75,1026.35,26.15,208.35,-77.27,30.4,2.853,vanilla
406.0,842.0,845.0,948.0,128452.77,56.34,0.01,25.71,1026.31,26.08,211.54,-77.02,18.0,1.443,vanilla
405.0,841.0,842.0,986.0,12922.43,56.92,0.01,25.7,1026.32,26.08,208.48,-77.02,17.68,1.355,vanilla
473.0,888.0,881.0,1017.0,3666.75,66.14,0.01,25.7,1026.33,26.08,206.28,-77.11,16.56,1.684,vanilla
562.0,913.0,904.0,1016.0,14239.96,136.54,0.08,25.69,1026.32,26.08,205.26,-77.02,23.9,2.148,vanilla
403.0,837.0,838.0,945.0,181987.77,66.79,0.12,25.65,1026.31,26.13,196.62,-76.94,27.97,1.492,vanilla
403.0,836.0,836.0,969.0,14314.33,63.75,0.09,25.65,1026.31,26.13,194.78,-76.94,24.48,1.409,vanilla
414.0,855.0,850.0,1009.0,4821.88,91.26,0.09,25.65,1026.33,26.15,194.78,-77.11,22.39,1.348,vanilla
442.0,878.0,866.0,1015.0,3642.76,95.75,0.08,25.65,1026.34,26.15,193.75,-77.19,22.03,1.542,vanilla
450.0,886.0,869.0,1004.0,2711.56,79.2,0.05,25.65,1026.35,26.16,194.09,-77.27,23.58,1.736,vanilla
430.0,875.0,859.0,986.0,3306.14,75.08,0.03,25.65,1026.36,26.17,191.96,-77.35,21.42,1.737,vanilla
417.0,864.0,849.0,976.0,2046.34,66.31,0.02,25.65,1026.37,26.18,190.74,-77.52,21.42,1.817,vanilla
415.0,861.0,846.0,997.0,1898.75,58.1,0.02,25.64,1026.38,26.18,191.07,-77.52,19.41,1.913,vanilla
413.0,862.0,842.0,1001.0,1793.04,57.07,0.01,25.64,1026.39,26.18,189.44,-77.68,19.19,1.915,vanilla
432.0,878.0,854.0,1003.0,1773.75,58.1,0.01,25.64,1026.4,26.19,188.36,-77.68,18.11,2.027,vanilla
420.0,866.0,849.0,983.0,3998.11,57.8,0.01,25.64,1026.39,26.2,186.77,-77.6,19.41,1.971,vanilla
414.0,861.0,845.0,1002.0,15835.01,54.9,0.01,25.64,1026.39,26.21,184.43,-77.6,20.43,1.857,vanilla
437.0,884.0,856.0,1012.0,114689.23,54.9,0.01,25.64,1026.4,26.2,175.6,-77.68,18.91,1.806,vanilla
464.0,903.0,869.0,1014.0,230983.77,52.09,0.02,25.64,1026.4,26.2,168.92,-77.68,19.75,1.85,vanilla
494.0,909.0,922.0,1017.0,553580.0,86.53,0.47,25.6,1026.31,26.22,172.55,-76.86,31.33,1.286,vanilla
396.0,825.0,838.0,943.0,49361890.0,50.32,0.02,25.59,1026.29,26.25,169.26,-76.78,21.13,1.032,vanilla
393.0,817.0,827.0,935.0,539993.0,47.81,0.01,25.59,1026.3,26.24,169.6,-76.78,18.11,1.083,vanilla
392.0,813.0,823.0,928.0,22688.0,51.0,0.01,25.59,1026.3,26.24,170.63,-76.78,19.13,1.017,vanilla
408.0,832.0,839.0,1010.0,10450.45,57.51,0.01,25.58,1026.3,26.25,169.26,-76.86,18.97,0.99,vanilla
408.0,836.0,844.0,993.0,5164.36,75.26,0.04,25.58,1026.3,26.24,169.6,-76.86,25.34,1.033,vanilla
399.0,826.0,836.0,968.0,9410.59,79.93,0.05,25.58,1026.3,26.25,171.84,-76.86,24.94,1.134,vanilla
398.0,817.0,813.0,961.0,168985.16,47.16,0.01,25.59,1026.32,26.24,170.8,-77.02,18.11,1.122,vanilla
393.0,810.0,808.0,940.0,11766.43,50.59,0.01,25.59,1026.32,26.25,170.8,-77.02,18.05,1.061,vanilla
391.0,805.0,804.0,930.0,4369.59,49.65,0.01,25.59,1026.33,26.24,170.8,-77.11,18.37,0.999,vanilla
390.0,800.0,799.0,922.0,1878.03,49.79,0.01,25.59,1026.33,26.25,170.28,-77.11,16.96,1.009,vanilla
388.0,796.0,795.0,911.0,1240.2,48.33,0.01,25.59,1026.33,26.24,171.15,-77.11,17.84,0.98,vanilla
387.0,795.0,792.0,927.0,956.2,48.59,0.01,25.59,1026.33,26.25,171.15,-77.11,17.48,1.023,vanilla
386.0,792.0,789.0,927.0,1340.76,53.48,0.01,25.59,1026.34,26.24,172.19,-77.19,22.89,1.031,vanilla
387.0,792.0,788.0,932.0,10071.82,56.77,0.02,25.59,1026.34,26.24,173.25,-77.19,25.21,1.021,vanilla
392.0,802.0,788.0,980.0,29903.47,60.8,0.03,25.59,1026.34,26.24,174.69,-77.19,24.22,1.172,vanilla
407.0,821.0,803.0,993.0,168985.16,56.63,0.03,25.59,1026.34,26.22,175.41,-77.19,21.54,1.243,vanilla
406.0,819.0,804.0,971.0,26820.14,51.13,0.02,25.59,1026.34,26.22,175.78,-77.19,21.48,1.223,vanilla
401.0,814.0,801.0,955.0,5052.84,48.72,0.02,25.59,1026.34,26.22,175.05,-77.27,22.7,1.239,vanilla
396.0,807.0,796.0,933.0,2017.96,50.86,0.02,25.59,1026.33,26.23,175.23,-77.11,20.31,1.231,vanilla
391.0,801.0,791.0,925.0,1333.98,48.2,0.02,25.59,1026.33,26.22,175.78,-77.02,19.52,1.16,vanilla
389.0,796.0,788.0,914.0,1044.64,47.29,0.01,25.59,1026.32,26.22,175.6,-76.94,20.03,1.107,vanilla
387.0,791.0,784.0,904.0,1049.69,46.77,0.01,25.59,1026.32,26.22,176.7,-76.94,19.63,1.101,vanilla
386.0,788.0,780.0,908.0,967.62,44.87,0.01,25.59,1026.31,26.21,175.23,-76.94,20.31,1.074,vanilla
403.0,809.0,795.0,990.0,944.94,44.5,0.01,25.59,1026.31,26.21,174.15,-77.02,17.89,1.016,vanilla
405.0,815.0,799.0,985.0,779.0,47.16,0.01,25.59,1026.32,26.21,175.6,-76.94,17.48,0.969,vanilla
419.0,851.0,810.0,1010.0,764.88,47.29,0.01,25.59,1026.32,26.21,177.26,-77.02,17.07,0.993,vanilla
427.0,849.0,824.0,1000.0,840.53,53.62,0.01,25.59,1026.33,26.19,178.01,-77.11,18.27,1.049,vanilla
450.0,873.0,842.0,1012.0,990.94,54.76,0.01,25.58,1026.34,26.19,178.76,-77.19,18.21,1.002,vanilla
437.0,868.0,840.0,1002.0,940.48,57.65,0.01,25.58,1026.34,26.2,179.14,-77.19,17.79,1.107,vanilla
436.0,868.0,842.0,998.0,1080.62,55.76,0.03,25.58,1026.35,26.19,178.57,-77.27,23.77,1.153,vanilla
418.0,853.0,832.0,971.0,1878.03,55.61,0.02,25.58,1026.36,26.2,179.14,-77.35,20.54,1.206,vanilla
406.0,840.0,822.0,953.0,2183.54,50.86,0.01,25.58,1026.36,26.2,178.01,-77.35,19.69,1.206,vanilla
399.0,830.0,813.0,940.0,2325.76,48.72,0.01,25.58,1026.37,26.2,177.26,-77.35,19.58,1.15,vanilla
395.0,822.0,807.0,930.0,1340.76,48.07,0.01,25.58,1026.37,26.19,177.63,-77.44,19.08,1.111,vanilla
391.0,816.0,801.0,944.0,1007.66,48.46,0.01,25.58,1026.37,26.2,176.7,-77.44,17.89,1.098,vanilla
393.0,818.0,799.0,968.0,1447.65,45.62,0.01,25.57,1026.37,26.2,176.33,-77.44,17.53,1.105,vanilla
392.0,814.0,796.0,949.0,2373.46,47.55,0.01,25.57,1026.38,26.2,176.7,-77.52,17.79,1.118,vanilla
390.0,808.0,792.0,932.0,1968.09,45.75,0.0,25.57,1026.39,26.2,177.82,-77.52,16.61,1.176,vanilla
414.0,846.0,821.0,1015.0,1847.48,45.5,0.0,25.56,1026.38,26.21,180.48,-77.52,15.58,1.354,vanilla
410.0,847.0,825.0,1003.0,1054.77,51.0,0.01,25.56,1026.39,26.2,180.1,-77.6,16.31,1.538,vanilla
403.0,837.0,818.0,980.0,1847.48,53.06,0.02,25.56,1026.39,26.21,178.95,-77.6,21.25,1.508,vanilla
399.0,830.0,812.0,985.0,3142.96,50.86,0.01,25.56,1026.39,26.21,180.1,-77.68,18.8,1.462,vanilla
421.0,852.0,826.0,1011.0,2246.79,52.92,0.01,25.56,1026.39,26.2,180.1,-77.6,17.22,1.65,vanilla
429.0,858.0,835.0,1004.0,3074.82,52.65,0.01,25.55,1026.39,26.19,180.1,-77.52,21.13,1.708,vanilla
415.0,848.0,830.0,986.0,7371.7,48.72,0.01,25.55,1026.37,26.2,180.67,-77.44,18.97,1.641,vanilla
404.0,837.0,819.0,966.0,62238.82,47.68,0.01,25.55,1026.37,26.2,180.87,-77.44,17.84,1.57,vanilla
398.0,828.0,813.0,957.0,31410.1,47.42,0.01,25.55,1026.36,26.2,181.45,-77.44,17.79,1.53,vanilla
395.0,821.0,807.0,953.0,54737.05,47.42,0.01,25.55,1026.38,26.2,181.26,-77.44,17.42,1.403,vanilla
395.0,818.0,803.0,954.0,15664.74,47.55,0.01,25.54,1026.38,26.21,181.65,-77.52,17.58,1.314,vanilla
397.0,828.0,805.0,999.0,9244.24,47.42,0.01,25.54,1026.38,26.21,181.26,-77.52,18.16,1.278,vanilla
397.0,832.0,811.0,1003.0,5817.56,46.13,0.0,25.54,1026.37,26.21,180.87,-77.52,16.71,1.399,vanilla
428.0,855.0,833.0,1014.0,1957.22,43.88,0.0,25.53,1026.37,26.21,180.29,-77.44,15.73,1.618,vanilla
465.0,882.0,846.0,1014.0,1083.24,46.77,0.0,25.53,1026.37,26.21,180.67,-77.35,16.31,1.778,vanilla
450.0,874.0,849.0,1004.0,698.59,53.2,0.01,25.53,1026.36,26.2,179.33,-77.27,16.07,1.874,vanilla
424.0,858.0,838.0,980.0,907.82,66.47,0.02,25.53,1026.35,26.21,179.33,-77.27,18.59,1.85,vanilla
409.0,845.0,826.0,962.0,1032.14,60.35,0.02,25.52,1026.34,26.21,178.95,-77.19,20.83,1.778,vanilla
402.0,834.0,817.0,950.0,1561.03,54.61,0.03,25.52,1026.34,26.21,179.71,-77.11,21.19,1.667,vanilla
400.0,834.0,814.0,982.0,1501.07,56.77,0.04,25.52,1026.33,26.21,181.26,-77.11,26.22,1.543,vanilla
404.0,835.0,815.0,990.0,1878.03,68.43,0.04,25.51,1026.32,26.21,180.67,-77.02,28.55,1.503,vanilla
397.0,833.0,811.0,987.0,2592.44,63.59,0.05,25.51,1026.33,26.21,180.48,-77.02,27.76,1.398,vanilla
393.0,827.0,806.0,973.0,16183.3,57.65,0.04,25.51,1026.32,26.21,180.29,-76.86,27.4,1.292,vanilla
390.0,818.0,800.0,947.0,345909.94,53.62,0.03,25.51,1026.3,26.21,181.06,-76.86,23.01,1.249,vanilla
388.0,811.0,794.0,932.0,97165.84,49.52,0.02,25.5,1026.3,26.2,181.84,-76.94,21.66,1.215,vanilla
386.0,806.0,789.0,923.0,64650.85,50.05,0.01,25.5,1026.31,26.2,182.04,-76.94,20.83,1.115,vanilla
384.0,799.0,785.0,916.0,13733.97,47.03,0.01,25.5,1026.3,26.2,182.83,-76.94,18.7,1.122,vanilla
386.0,798.0,783.0,927.0,5687.07,46.39,0.01,25.5,1026.31,26.21,184.22,-76.86,18.91,1.107,vanilla
386.0,794.0,780.0,922.0,2829.11,48.59,0.01,25.49,1026.3,26.2,185.24,-76.86,18.59,1.092,vanilla
385.0,790.0,777.0,914.0,7878.42,46.13,0.01,25.49,1026.29,26.21,185.85,-76.78,19.3,1.035,vanilla
384.0,786.0,774.0,908.0,19854.16,46.13,0.01,25.49,1026.3,26.2,185.31,-76.86,16.86,0.974,vanilla
384.0,795.0,771.0,1000.0,8806.84,46.13,0.0,25.49,1026.31,26.21,185.85,-76.94,17.12,1.002,vanilla
403.0,830.0,776.0,1010.0,5974.86,45.5,0.0,25.49,1026.32,26.21,185.03,-77.02,17.68,0.951,vanilla
402.0,835.0,786.0,1012.0,4703.25,46.9,0.0,25.49,1026.32,26.2,185.44,-76.94,16.76,0.985,vanilla
